Smith|1.006
Johnson|0.810
Williams|0.699
Jones|0.621
Brown|0.621
Davis|0.480
Miller|0.424
Wilson|0.339
Moore|0.312
Taylor|0.311
Anderson|0.311
Thomas|0.311
Jackson|0.310
White|0.279
Harris|0.275
Martin|0.273
Thompson|0.269
Garcia|0.254
Martinez|0.234
Robinson|0.233
Clark|0.231
Rodriguez|0.229
Lewis|0.226
Lee|0.220
Walker|0.219
Hall|0.200
Allen|0.199
Young|0.193
Hernandez|0.192
King|0.190
Wright|0.189
Lopez|0.187
Hill|0.187
Scott|0.185
Green|0.183
Adams|0.174
Baker|0.171
Gonzalez|0.166
Nelson|0.162
Carter|0.162
Mitchell|0.160
Perez|0.155
Roberts|0.153
Turner|0.152
Phillips|0.149
Campbell|0.149
Parker|0.146
Evans|0.141
Edwards|0.137
Collins|0.134
Stewart|0.133
Sanchez|0.130
Morris|0.125
Rogers|0.123
Reed|0.122
Cook|0.120
Morgan|0.118
Bell|0.117
Murphy|0.117
Bailey|0.115
Rivera|0.113
Cooper|0.113
Richardson|0.112
Cox|0.110
Howard|0.110
Ward|0.108
Torres|0.108
Peterson|0.107
Gray|0.106
Ramirez|0.105
James|0.105
Watson|0.103
Brooks|0.103
Kelly|0.102
Sanders|0.100
Price|0.099
Bennett|0.099
Wood|0.098
Barnes|0.097
Ross|0.096
Henderson|0.095
Coleman|0.095
Jenkins|0.095
Perry|0.094
Powell|0.093
Long|0.092
Patterson|0.092
Hughes|0.092
Flores|0.092
Washington|0.092
Butler|0.091
Simmons|0.091
Foster|0.091
Gonzales|0.087
Bryant|0.087
Alexander|0.085
Russell|0.085
Griffin|0.084
Diaz|0.084
Hayes|0.083
Myers|0.083
Ford|0.082
Hamilton|0.082
Graham|0.082
Sullivan|0.081
Wallace|0.081
Woods|0.080
Cole|0.080
West|0.080
Jordan|0.078
Owens|0.078
Reynolds|0.078
Fisher|0.077
Ellis|0.077
Harrison|0.076
Gibson|0.075
McDonald|0.075
Cruz|0.075
Marshall|0.075
Ortiz|0.075
Gomez|0.075
Murray|0.074
Freeman|0.074
Wells|0.073
Webb|0.072
Simpson|0.070
Stevens|0.070
Tucker|0.070
Porter|0.069
Hunter|0.069
Hicks|0.069
Crawford|0.068
Henry|0.068
Boyd|0.068
Mason|0.068
Morales|0.067
Kennedy|0.067
Warren|0.067
Dixon|0.066
Ramos|0.066
Reyes|0.066
Burns|0.065
Gordon|0.065
Shaw|0.065
Holmes|0.065
Rice|0.064
Robertson|0.064
Hunt|0.063
Black|0.063
Daniels|0.062
Palmer|0.062
Mills|0.061
Nichols|0.060
Grant|0.060
Knight|0.060
Ferguson|0.059
Rose|0.059
Stone|0.059
Hawkins|0.059
Dunn|0.058
Perkins|0.058
Hudson|0.058
Spencer|0.057
Gardner|0.057
Stephens|0.057
Payne|0.057
Pierce|0.056
Berry|0.056
Matthews|0.056
Arnold|0.056
Wagner|0.055
Willis|0.055
Ray|0.055
Watkins|0.055
Olson|0.055
Carroll|0.055
Duncan|0.055
Snyder|0.055
Hart|0.054
Cunningham|0.054
Bradley|0.054
Lane|0.054
Andrews|0.054
Ruiz|0.054
Harper|0.054
Fox|0.053
Riley|0.053
Armstrong|0.053
Carpenter|0.053
Weaver|0.053
Greene|0.053
Lawrence|0.052
Elliott|0.052
Chavez|0.052
Sims|0.052
Austin|0.052
Peters|0.052
Kelley|0.052
Franklin|0.051
Lawson|0.051
Fields|0.051
Gutierrez|0.051
Ryan|0.051
Schmidt|0.051
Carr|0.051
Vasquez|0.051
Castillo|0.051
Wheeler|0.051
Chapman|0.050
Oliver|0.050
Montgomery|0.049
Richards|0.049
Williamson|0.049
Johnston|0.049
Banks|0.048
Meyer|0.048
Bishop|0.048
McCoy|0.048
Howell|0.048
Alvarez|0.048
Morrison|0.048
Hansen|0.047
Fernandez|0.047
Garza|0.047
Harvey|0.047
Little|0.046
Burton|0.046
Stanley|0.046
Nguyen|0.046
George|0.046
Jacobs|0.046
Reid|0.046
Kim|0.045
Fuller|0.045
Lynch|0.045
Dean|0.045
Gilbert|0.045
Garrett|0.045
Romero|0.045
Welch|0.044
Larson|0.044
Frazier|0.044
Burke|0.044
Hanson|0.043
Day|0.043
Mendoza|0.043
Moreno|0.043
Bowman|0.043
Medina|0.042
Fowler|0.042
Brewer|0.042
Hoffman|0.042
Carlson|0.042
Silva|0.042
Pearson|0.042
Holland|0.042
Douglas|0.041
Fleming|0.041
Jensen|0.041
Vargas|0.041
Byrd|0.041
Davidson|0.041
Hopkins|0.041
May|0.040
Terry|0.040
Herrera|0.040
Wade|0.040
Soto|0.040
Walters|0.040
Curtis|0.040
Neal|0.039
Caldwell|0.039
Lowe|0.039
Jennings|0.039
Barnett|0.039
Graves|0.039
Jimenez|0.039
Horton|0.039
Shelton|0.039
Barrett|0.039
O'Brien|0.039
Castro|0.039
Sutton|0.038
Gregory|0.038
McKinney|0.038
Lucas|0.038
Miles|0.038
Craig|0.038
Rodriquez|0.037
Chambers|0.037
Holt|0.037
Lambert|0.037
Fletcher|0.037
Watts|0.037
Bates|0.037
Hale|0.037
Rhodes|0.037
Pena|0.037
Beck|0.037
Newman|0.036
Haynes|0.036
McDaniel|0.036
Mendez|0.036
Bush|0.036
Vaughn|0.036
Parks|0.035
Dawson|0.035
Santiago|0.035
Norris|0.035
Hardy|0.035
Love|0.035
Steele|0.035
Curry|0.035
Powers|0.035
Schultz|0.035
Barker|0.035
Guzman|0.034
Page|0.034
Munoz|0.034
Ball|0.034
Keller|0.034
Chandler|0.034
Weber|0.034
Leonard|0.034
Walsh|0.033
Lyons|0.033
Ramsey|0.033
Wolfe|0.033
Schneider|0.033
Mullins|0.033
Benson|0.033
Sharp|0.033
Bowen|0.033
Daniel|0.033
Barber|0.032
Cummings|0.032
Hines|0.032
Baldwin|0.032
Griffith|0.032
Valdez|0.032
Hubbard|0.032
Salazar|0.032
Reeves|0.032
Warner|0.031
Stevenson|0.031
Burgess|0.031
Santos|0.031
Tate|0.031
Cross|0.031
Garner|0.031
Mann|0.031
Mack|0.031
Moss|0.031
Thornton|0.031
Dennis|0.031
McGee|0.031
Farmer|0.030
Delgado|0.030
Aguilar|0.030
Vega|0.030
Glover|0.030
Manning|0.030
Cohen|0.030
Harmon|0.030
Rodgers|0.030
Robbins|0.030
Newton|0.030
Todd|0.030
Blair|0.030
Higgins|0.030
Ingram|0.030
Reese|0.030
Cannon|0.030
Strickland|0.030
Townsend|0.030
Potter|0.030
Goodwin|0.030
Walton|0.030
Rowe|0.029
Hampton|0.029
Ortega|0.029
Patton|0.029
Swanson|0.029
Joseph|0.029
Francis|0.029
Goodman|0.029
Maldonado|0.029
Yates|0.029
Becker|0.029
Erickson|0.029
Hodges|0.029
Rios|0.029
Conner|0.029
Adkins|0.029
Webster|0.028
Norman|0.028
Malone|0.028
Hammond|0.028
Flowers|0.028
Cobb|0.028
Moody|0.028
Quinn|0.028
Blake|0.028
Maxwell|0.028
Pope|0.028
Floyd|0.027
Osborne|0.027
Paul|0.027
McCarthy|0.027
Guerrero|0.027
Lindsey|0.027
Estrada|0.027
Sandoval|0.027
Gibbs|0.027
Tyler|0.027
Gross|0.027
Fitzgerald|0.027
Stokes|0.027
Doyle|0.027
Sherman|0.027
Saunders|0.027
Wise|0.027
Colon|0.027
Gill|0.027
Alvarado|0.027
Greer|0.026
Padilla|0.026
Simon|0.026
Waters|0.026
Nunez|0.026
Ballard|0.026
Schwartz|0.026
McBride|0.026
Houston|0.026
Christensen|0.026
Klein|0.026
Pratt|0.026
Briggs|0.026
Parsons|0.026
McLaughlin|0.026
Zimmerman|0.026
French|0.026
Buchanan|0.026
Moran|0.026
Copeland|0.025
Roy|0.025
Pittman|0.025
Brady|0.025
McCormick|0.025
Holloway|0.025
Brock|0.025
Poole|0.025
Frank|0.025
Logan|0.025
Owen|0.025
Bass|0.025
Marsh|0.025
Drake|0.025
Wong|0.025
Jefferson|0.025
Park|0.025
Morton|0.025
Abbott|0.025
Sparks|0.025
Patrick|0.024
Norton|0.024
Huff|0.024
Clayton|0.024
Massey|0.024
Lloyd|0.024
Figueroa|0.024
Carson|0.024
Bowers|0.024
Roberson|0.024
Barton|0.024
Tran|0.024
Lamb|0.024
Harrington|0.024
Casey|0.024
Boone|0.024
Cortez|0.024
Clarke|0.024
Mathis|0.024
Singleton|0.024
Wilkins|0.024
Cain|0.024
Bryan|0.024
Underwood|0.024
Hogan|0.024
McKenzie|0.023
Collier|0.023
Luna|0.023
Phelps|0.023
McGuire|0.023
Allison|0.023
Bridges|0.023
Wilkerson|0.023
Nash|0.023
Summers|0.023
Atkins|0.023
Wilcox|0.023
Pitts|0.023
Conley|0.023
Marquez|0.023
Burnett|0.023
Richard|0.023
Cochran|0.023
Chase|0.023
Davenport|0.023
Hood|0.023
Gates|0.023
Clay|0.023
Ayala|0.023
Sawyer|0.023
Roman|0.023
Vazquez|0.023
Dickerson|0.023
Hodge|0.022
Acosta|0.022
Flynn|0.022
Espinoza|0.022
Nicholson|0.022
Monroe|0.022
Wolf|0.022
Morrow|0.022
Kirk|0.022
Randall|0.022
Anthony|0.022
Whitaker|0.022
O'Connor|0.022
Skinner|0.022
Ware|0.022
Molina|0.022
Kirby|0.022
Huffman|0.022
Bradford|0.022
Charles|0.022
Gilmore|0.022
Dominguez|0.022
O'Neal|0.022
Bruce|0.022
Lang|0.021
Combs|0.021
Kramer|0.021
Heath|0.021
Hancock|0.021
Gallagher|0.021
Gaines|0.021
Shaffer|0.021
Short|0.021
Wiggins|0.021
Mathews|0.021
McClain|0.021
Fischer|0.021
Wall|0.021
Small|0.021
Melton|0.021
Hensley|0.021
Bond|0.021
Dyer|0.021
Cameron|0.021
Grimes|0.021
Contreras|0.021
Christian|0.021
Wyatt|0.021
Baxter|0.021
Snow|0.021
Mosley|0.021
Shepherd|0.021
Larsen|0.021
Hoover|0.021
Beasley|0.020
Glenn|0.020
Petersen|0.020
Whitehead|0.020
Meyers|0.020
Keith|0.020
Garrison|0.020
Vincent|0.020
Shields|0.020
Horn|0.020
Savage|0.020
Olsen|0.020
Schroeder|0.020
Hartman|0.020
Woodard|0.020
Mueller|0.020
Kemp|0.020
Deleon|0.020
Booth|0.020
Patel|0.020
Calhoun|0.020
Wiley|0.020
Eaton|0.020
Cline|0.020
Navarro|0.020
Harrell|0.020
Lester|0.020
Humphrey|0.020
Parrish|0.020
Duran|0.020
Hutchinson|0.020
Hess|0.020
Dorsey|0.020
Bullock|0.020
Robles|0.020
Beard|0.019
Dalton|0.019
Avila|0.019
Vance|0.019
Rich|0.019
Blackwell|0.019
York|0.019
Johns|0.019
Blankenship|0.019
Trevino|0.019
Salinas|0.019
Campos|0.019
Pruitt|0.019
Moses|0.019
Callahan|0.019
Golden|0.019
Montoya|0.019
Hardin|0.019
Guerra|0.019
McDowell|0.019
Carey|0.019
Stafford|0.019
Gallegos|0.019
Henson|0.019
Wilkinson|0.019
Booker|0.019
Merritt|0.019
Miranda|0.019
Atkinson|0.019
Orr|0.019
Decker|0.019
Hobbs|0.019
Preston|0.019
Tanner|0.019
Knox|0.019
Pacheco|0.019
Stephenson|0.018
Glass|0.018
Rojas|0.018
Serrano|0.018
Marks|0.018
Hickman|0.018
English|0.018
Sweeney|0.018
Strong|0.018
Prince|0.018
McClure|0.018
Conway|0.018
Walter|0.018
Roth|0.018
Maynard|0.018
Farrell|0.018
Lowery|0.018
Hurst|0.018
Nixon|0.018
Weiss|0.018
Trujillo|0.018
Ellison|0.018
Sloan|0.018
Juarez|0.018
Winters|0.018
McLean|0.018
Randolph|0.018
Leon|0.018
Boyer|0.018
Villarreal|0.018
McCall|0.018
Gentry|0.018
Carrillo|0.017
Kent|0.017
Ayers|0.017
Lara|0.017
Shannon|0.017
Sexton|0.017
Pace|0.017
Hull|0.017
Leblanc|0.017
Browning|0.017
Velasquez|0.017
Leach|0.017
Chang|0.017
House|0.017
Sellers|0.017
Herring|0.017
Noble|0.017
Foley|0.017
Bartlett|0.017
Mercado|0.017
Landry|0.017
Durham|0.017
Walls|0.017
Barr|0.017
McKee|0.017
Bauer|0.017
Rivers|0.017
Everett|0.017
Bradshaw|0.017
Pugh|0.017
Velez|0.017
Rush|0.017
Estes|0.017
Dodson|0.017
Morse|0.017
Sheppard|0.017
Weeks|0.017
Camacho|0.017
Bean|0.017
Barron|0.017
Livingston|0.017
Middleton|0.016
Spears|0.016
Branch|0.016
Blevins|0.016
Chen|0.016
Kerr|0.016
McConnell|0.016
Hatfield|0.016
Harding|0.016
Ashley|0.016
Solis|0.016
Herman|0.016
Frost|0.016
Giles|0.016
Blackburn|0.016
William|0.016
Pennington|0.016
Woodward|0.016
Finley|0.016
McIntosh|0.016
Koch|0.016
Best|0.016
Solomon|0.016
McCullough|0.016
Dudley|0.016
Nolan|0.016
Blanchard|0.016
Rivas|0.016
Brennan|0.016
Mejia|0.016
Kane|0.016
Benton|0.016
Joyce|0.016
Buckley|0.016
Haley|0.016
Valentine|0.016
Maddox|0.016
Russo|0.016
McKnight|0.016
Buck|0.016
Moon|0.016
McMillan|0.016
Crosby|0.016
Berg|0.016
Dotson|0.016
Mays|0.016
Roach|0.016
Church|0.016
Chan|0.016
Richmond|0.016
Meadows|0.016
Faulkner|0.016
O'Neill|0.016
Knapp|0.016
Kline|0.015
Barry|0.015
Ochoa|0.015
Jacobson|0.015
Gay|0.015
Avery|0.015
Hendricks|0.015
Horne|0.015
Shepard|0.015
Hebert|0.015
Cherry|0.015
Cardenas|0.015
McIntyre|0.015
Whitney|0.015
Waller|0.015
Holman|0.015
Donaldson|0.015
Cantu|0.015
Terrell|0.015
Morin|0.015
Gillespie|0.015
Fuentes|0.015
Tillman|0.015
Sanford|0.015
Bentley|0.015
Peck|0.015
Key|0.015
Salas|0.015
Rollins|0.015
Gamble|0.015
Dickson|0.015
Battle|0.015
Santana|0.015
Cabrera|0.015
Cervantes|0.015
Howe|0.015
Hinton|0.015
Hurley|0.015
Spence|0.015
Zamora|0.015
Yang|0.015
McNeil|0.015
Suarez|0.015
Case|0.015
Petty|0.015
Gould|0.015
McFarland|0.015
Sampson|0.015
Carver|0.015
Bray|0.015
Rosario|0.015
MacDonald|0.015
Stout|0.015
Hester|0.015
Melendez|0.015
Dillon|0.015
Farley|0.015
Hopper|0.015
Galloway|0.015
Potts|0.015
Bernard|0.015
Joyner|0.014
Stein|0.014
Aguirre|0.014
Osborn|0.014
Mercer|0.014
Bender|0.014
Franco|0.014
Rowland|0.014
Sykes|0.014
Benjamin|0.014
Travis|0.014
Pickett|0.014
Crane|0.014
Sears|0.014
Mayo|0.014
Dunlap|0.014
Hayden|0.014
Wilder|0.014
McKay|0.014
Coffey|0.014
McCarty|0.014
Ewing|0.014
Cooley|0.014
Vaughan|0.014
Bonner|0.014
Cotton|0.014
Holder|0.014
Stark|0.014
Ferrell|0.014
Cantrell|0.014
Fulton|0.014
Lynn|0.014
Lott|0.014
Calderon|0.014
Rosa|0.014
Pollard|0.014
Hooper|0.014
Burch|0.014
Mullen|0.014
Fry|0.014
Riddle|0.014
Levy|0.014
David|0.014
Duke|0.014
O'Donnell|0.014
Guy|0.014
Michael|0.014
Britt|0.014
Frederick|0.014
Daugherty|0.014
Berger|0.014
Dillard|0.014
Alston|0.014
Jarvis|0.014
Frye|0.014
Riggs|0.014
Chaney|0.014
Odom|0.013
Duffy|0.013
Fitzpatrick|0.013
Valenzuela|0.013
Merrill|0.013
Mayer|0.013
Alford|0.013
McPherson|0.013
Acevedo|0.013
Donovan|0.013
Barrera|0.013
Albert|0.013
Cote|0.013
Reilly|0.013
Compton|0.013
Raymond|0.013
Mooney|0.013
McGowan|0.013
Craft|0.013
Cleveland|0.013
Clemons|0.013
Wynn|0.013
Nielsen|0.013
Baird|0.013
Stanton|0.013
Snider|0.013
Rosales|0.013
Bright|0.013
Witt|0.013
Stuart|0.013
Hays|0.013
Holden|0.013
Rutledge|0.013
Kinney|0.013
Clements|0.013
Castaneda|0.013
Slater|0.013
Hahn|0.013
Emerson|0.013
Conrad|0.013
Burks|0.013
Delaney|0.013
Pate|0.013
Lancaster|0.013
Sweet|0.013
Justice|0.013
Tyson|0.013
Sharpe|0.013
Whitfield|0.013
Talley|0.013
Macias|0.013
Irwin|0.013
Burris|0.013
Ratliff|0.013
McCray|0.013
Madden|0.013
Kaufman|0.013
Beach|0.013
Goff|0.013
Cash|0.013
Bolton|0.013
McFadden|0.013
Levine|0.013
Good|0.013
Byers|0.013
Kirkland|0.013
Kidd|0.013
Workman|0.013
Carney|0.013
Dale|0.013
McLeod|0.013
Holcomb|0.013
England|0.013
Finch|0.013
Head|0.012
Burt|0.012
Hendrix|0.012
Sosa|0.012
Haney|0.012
Franks|0.012
Sargent|0.012
Nieves|0.012
Downs|0.012
Rasmussen|0.012
Bird|0.012
Hewitt|0.012
Lindsay|0.012
Le|0.012
Foreman|0.012
Valencia|0.012
O'Neil|0.012
Delacruz|0.012
Vinson|0.012
Dejesus|0.012
Hyde|0.012
Forbes|0.012
Gilliam|0.012
Guthrie|0.012
Wooten|0.012
Huber|0.012
Barlow|0.012
Boyle|0.012
McMahon|0.012
Buckner|0.012
Rocha|0.012
Puckett|0.012
Langley|0.012
Knowles|0.012
Cooke|0.012
Velazquez|0.012
Whitley|0.012
Noel|0.012
Vang|0.012
Shea|0.012
Rouse|0.012
Hartley|0.012
Mayfield|0.012
Elder|0.012
Rankin|0.012
Hanna|0.012
Cowan|0.012
Lucero|0.012
Arroyo|0.012
Slaughter|0.012
Haas|0.012
O'Connell|0.012
Minor|0.012
Kendrick|0.012
Shirley|0.012
Kendall|0.012
Boucher|0.012
Archer|0.012
Boggs|0.012
O'Dell|0.012
Dougherty|0.012
Andersen|0.012
Newell|0.012
Crowe|0.012
Wang|0.012
Friedman|0.012
Bland|0.012
Swain|0.012
Holley|0.012
Felix|0.012
Pearce|0.012
Childs|0.012
Yarbrough|0.012
Galvan|0.012
Proctor|0.012
Meeks|0.012
Lozano|0.012
Mora|0.012
Rangel|0.012
Bacon|0.012
Villanueva|0.012
Schaefer|0.012
Rosado|0.012
Helms|0.012
Boyce|0.012
Goss|0.012
Stinson|0.011
Smart|0.011
Lake|0.011
Ibarra|0.011
Hutchins|0.011
Covington|0.011
Reyna|0.011
Gregg|0.011
Werner|0.011
Crowley|0.011
Hatcher|0.011
Mackey|0.011
Bunch|0.011
Womack|0.011
Polk|0.011
Jamison|0.011
Dodd|0.011
Childress|0.011
Childers|0.011
Camp|0.011
Villa|0.011
Dye|0.011
Springer|0.011
Mahoney|0.011
Dailey|0.011
Belcher|0.011
Lockhart|0.011
Griggs|0.011
Costa|0.011
Connor|0.011
Brandt|0.011
Winter|0.011
Walden|0.011
Moser|0.011
Tracy|0.011
Tatum|0.011
McCann|0.011
Akers|0.011
Lutz|0.011
Pryor|0.011
Law|0.011
Orozco|0.011
McAllister|0.011
Lugo|0.011
Davies|0.011
Shoemaker|0.011
Madison|0.011
Rutherford|0.011
Newsome|0.011
Magee|0.011
Chamberlain|0.011
Blanton|0.011
Simms|0.011
Godfrey|0.011
Flanagan|0.011
Crum|0.011
Cordova|0.011
Escobar|0.011
Downing|0.011
Sinclair|0.011
Donahue|0.011
Krueger|0.011
McGinnis|0.011
Gore|0.011
Farris|0.011
Webber|0.011
Corbett|0.011
Andrade|0.011
Starr|0.011
Lyon|0.011
Yoder|0.011
Hastings|0.011
McGrath|0.011
Spivey|0.011
Krause|0.011
Harden|0.011
Crabtree|0.011
Kirkpatrick|0.011
Hollis|0.011
Brandon|0.011
Arrington|0.011
Ervin|0.011
Clifton|0.011
Ritter|0.011
McGhee|0.011
Bolden|0.011
Maloney|0.011
Gagnon|0.011
Dunbar|0.011
Ponce|0.011
Pike|0.011
Mayes|0.011
Heard|0.011
Beatty|0.011
Mobley|0.011
Kimball|0.011
Butts|0.011
Montes|0.011
Herbert|0.011
Grady|0.011
Eldridge|0.011
Braun|0.011
Hamm|0.011
Gibbons|0.011
Seymour|0.011
Moyer|0.011
Manley|0.011
Herron|0.011
Plummer|0.011
Elmore|0.011
Cramer|0.011
Gary|0.011
Rucker|0.011
Hilton|0.011
Blue|0.011
Pierson|0.011
Fontenot|0.011
Field|0.011
Rubio|0.011
Grace|0.011
Goldstein|0.011
Elkins|0.011
Wills|0.010
Novak|0.010
John|0.010
Hickey|0.010
Worley|0.010
Gorman|0.010
Katz|0.010
Dickinson|0.010
Broussard|0.010
Fritz|0.010
Woodruff|0.010
Crow|0.010
Christopher|0.010
Britton|0.010
Forrest|0.010
Nance|0.010
Lehman|0.010
Bingham|0.010
Zuniga|0.010
Whaley|0.010
Shafer|0.010
Coffman|0.010
Steward|0.010
Delarosa|0.010
Nix|0.010
Neely|0.010
Numbers|0.010
Mata|0.010
Manuel|0.010
Davila|0.010
McCabe|0.010
Kessler|0.010
Emery|0.010
Bowling|0.010
Hinkle|0.010
Welsh|0.010
Pagan|0.010
Goldberg|0.010
Goins|0.010
Crouch|0.010
Cuevas|0.010
Quinones|0.010
McDermott|0.010
Hendrickson|0.010
Samuels|0.010
Denton|0.010
Bergeron|0.010
Lam|0.010
Ivey|0.010
Locke|0.010
Haines|0.010
Thurman|0.010
Snell|0.010
Hoskins|0.010
Byrne|0.010
Milton|0.010
Winston|0.010
Arthur|0.010
Arias|0.010
Stanford|0.010
Roe|0.010
Corbin|0.010
Beltran|0.010
Chappell|0.010
Hurt|0.010
Downey|0.010
Dooley|0.010
Tuttle|0.010
Couch|0.010
Payton|0.010
McElroy|0.010
Crockett|0.010
Groves|0.010
Clement|0.010
Leslie|0.010
Cartwright|0.010
Dickey|0.010
McGill|0.010
Dubois|0.010
Muniz|0.010
Erwin|0.010
Self|0.010
Tolbert|0.010
Dempsey|0.010
Cisneros|0.010
Sewell|0.010
Latham|0.010
Garland|0.010
Vigil|0.010
Tapia|0.010
Sterling|0.010
Rainey|0.010
Norwood|0.010
Lacy|0.010
Stroud|0.010
Meade|0.010
Amos|0.010
Tipton|0.010
Lord|0.010
Kuhn|0.010
Hilliard|0.010
Bonilla|0.010
Teague|0.010
Courtney|0.010
Gunn|0.010
Ho|0.010
Greenwood|0.010
Correa|0.010
Reece|0.010
Weston|0.010
Poe|0.010
Trent|0.010
Pineda|0.010
Phipps|0.010
Frey|0.010
Kaiser|0.010
Ames|0.010
Paige|0.010
Gunter|0.010
Schmitt|0.010
Milligan|0.010
Espinosa|0.010
Carlton|0.010
Bowden|0.010
Vickers|0.010
Lowry|0.010
Pritchard|0.010
Costello|0.010
Piper|0.009
McClellan|0.009
Lovell|0.009
Drew|0.009
Sheehan|0.009
Quick|0.009
Hatch|0.009
Dobson|0.009
Singh|0.009
Jeffries|0.009
Hollingsworth|0.009
Sorensen|0.009
Meza|0.009
Fink|0.009
Donnelly|0.009
Burrell|0.009
Bruno|0.009
Tomlinson|0.009
Colbert|0.009
Billings|0.009
Ritchie|0.009
Helton|0.009
Sutherland|0.009
Peoples|0.009
McQueen|0.009
Gaston|0.009
Thomason|0.009
McKinley|0.009
Givens|0.009
Crocker|0.009
Vogel|0.009
Robison|0.009
Dunham|0.009
Coker|0.009
Swartz|0.009
Keys|0.009
Lilly|0.009
Ladner|0.009
Hannah|0.009
Willard|0.009
Richter|0.009
Hargrove|0.009
Edmonds|0.009
Brantley|0.009
Albright|0.009
Murdock|0.009
Boswell|0.009
Muller|0.009
Quintero|0.009
Padgett|0.009
Kenney|0.009
Daly|0.009
Connolly|0.009
Pierre|0.009
Inman|0.009
Quintana|0.009
Lund|0.009
Barnard|0.009
Villegas|0.009
Simons|0.009
Land|0.009
Huggins|0.009
Tidwell|0.009
Sanderson|0.009
Bullard|0.009
McClendon|0.009
Duarte|0.009
Draper|0.009
Meredith|0.009
Marrero|0.009
Dwyer|0.009
Abrams|0.009
Stover|0.009
Goode|0.009
Fraser|0.009
Crews|0.009
Bernal|0.009
Smiley|0.009
Godwin|0.009
Fish|0.009
Conklin|0.009
McNeal|0.009
Baca|0.009
Esparza|0.009
Crowder|0.009
Bower|0.009
Nicholas|0.009
Chung|0.009
Brewster|0.009
McNeill|0.009
Dick|0.009
Rodrigues|0.009
Leal|0.009
Coates|0.009
Raines|0.009
McCain|0.009
McCord|0.009
Miner|0.009
Holbrook|0.009
Swift|0.009
Dukes|0.009
Carlisle|0.009
Aldridge|0.009
Ackerman|0.009
Starks|0.009
Ricks|0.009
Holliday|0.009
Ferris|0.009
Hairston|0.009
Sheffield|0.009
Lange|0.009
Fountain|0.009
Marino|0.009
Doss|0.009
Betts|0.009
Kaplan|0.009
Carmichael|0.009
Bloom|0.009
Ruffin|0.009
Penn|0.009
Kern|0.009
Bowles|0.009
Sizemore|0.009
Larkin|0.009
Dupree|0.009
Jewell|0.009
Silver|0.009
Seals|0.009
Metcalf|0.009
Hutchison|0.009
Henley|0.009
Farr|0.009
Castle|0.009
McCauley|0.009
Hankins|0.009
Gustafson|0.009
Deal|0.009
Curran|0.009
Ash|0.009
Waddell|0.009
Ramey|0.009
Cates|0.009
Pollock|0.009
Major|0.009
Irvin|0.009
Cummins|0.009
Messer|0.009
Heller|0.009
Dewitt|0.009
Lin|0.009
Funk|0.009
Cornett|0.009
Palacios|0.009
Galindo|0.009
Cano|0.009
Hathaway|0.009
Singer|0.008
Pham|0.008
Enriquez|0.008
Aaron|0.008
Salgado|0.008
Pelletier|0.008
Painter|0.008
Wiseman|0.008
Blount|0.008
Hand|0.008
Feliciano|0.008
Temple|0.008
Houser|0.008
Doherty|0.008
Mead|0.008
McGraw|0.008
Toney|0.008
Swan|0.008
Melvin|0.008
Capps|0.008
Blanco|0.008
Blackmon|0.008
Wesley|0.008
Thomson|0.008
McManus|0.008
Fair|0.008
Burkett|0.008
Post|0.008
Gleason|0.008
Rudolph|0.008
Ott|0.008
Dickens|0.008
Cormier|0.008
Voss|0.008
Rushing|0.008
Rosenberg|0.008
Hurd|0.008
Dumas|0.008
Benitez|0.008
Arellano|0.008
Story|0.008
Marin|0.008
Caudill|0.008
Bragg|0.008
Jaramillo|0.008
Huerta|0.008
Gipson|0.008
Colvin|0.008
Biggs|0.008
Vela|0.008
Platt|0.008
Cassidy|0.008
Tompkins|0.008
McCollum|0.008
Kay|0.008
Gabriel|0.008
Dolan|0.008
Daley|0.008
Crump|0.008
Street|0.008
Sneed|0.008
Kilgore|0.008
Grove|0.008
Grimm|0.008
Davison|0.008
Brunson|0.008
Prater|0.008
Marcum|0.008
Devine|0.008
Kyle|0.008
Dodge|0.008
Stratton|0.008
Rosas|0.008
Choi|0.008
Tripp|0.008
Ledbetter|0.008
Lay|0.008
Hightower|0.008
Haywood|0.008
Feldman|0.008
Epps|0.008
Yeager|0.008
Posey|0.008
Sylvester|0.008
Scruggs|0.008
Cope|0.008
Stubbs|0.008
Richey|0.008
Overton|0.008
Trotter|0.008
Sprague|0.008
Cordero|0.008
Butcher|0.008
Burger|0.008
Stiles|0.008
Burgos|0.008
Woodson|0.008
Horner|0.008
Bassett|0.008
Purcell|0.008
Haskins|0.008
Gee|0.008
Akins|0.008
Abraham|0.008
Hoyt|0.008
Ziegler|0.008
Spaulding|0.008
Hadley|0.008
Grubbs|0.008
Sumner|0.008
Murillo|0.008
Zavala|0.008
Shook|0.008
Lockwood|0.008
Jarrett|0.008
Driscoll|0.008
Dahl|0.008
Thorpe|0.008
Sheridan|0.008
Redmond|0.008
Putnam|0.008
McWilliams|0.008
McRae|0.008
Cornell|0.008
Felton|0.008
Romano|0.008
Joiner|0.008
Sadler|0.008
Hedrick|0.008
Hager|0.008
Hagen|0.008
Fitch|0.008
Coulter|0.008
Thacker|0.008
Mansfield|0.008
Langston|0.008
Guidry|0.008
Ferreira|0.008
Corley|0.008
Conn|0.008
Rossi|0.008
Lackey|0.008
Cody|0.008
Baez|0.008
Saenz|0.008
McNamara|0.008
Darnell|0.008
Michel|0.008
McMullen|0.008
McKenna|0.008
McDonough|0.008
Link|0.008
Engel|0.008
Browne|0.008
Roper|0.008
Peacock|0.008
Eubanks|0.008
Drummond|0.008
Stringer|0.008
Pritchett|0.008
Parham|0.008
Mims|0.008
Landers|0.008
Ham|0.008
Grayson|0.008
Stacy|0.008
Schafer|0.008
Egan|0.008
Timmons|0.008
Ohara|0.008
Keen|0.008
Hamlin|0.008
Finn|0.008
Cortes|0.008
McNair|0.008
Louis|0.008
Clifford|0.008
Nadeau|0.008
Moseley|0.008
Michaud|0.008
Rosen|0.008
Oakes|0.008
Kurtz|0.008
Jeffers|0.008
Calloway|0.008
Beal|0.008
Bautista|0.008
Winn|0.008
Suggs|0.008
Stern|0.008
Stapleton|0.008
Lyles|0.008
Laird|0.008
Montano|0.008
Diamond|0.008
Dawkins|0.008
Roland|0.008
Hagan|0.008
Goldman|0.008
Bryson|0.008
Barajas|0.008
Lovett|0.008
Segura|0.008
Metz|0.008
Lockett|0.008
Langford|0.008
Hinson|0.008
Eastman|0.008
Rock|0.008
Hooks|0.008
Woody|0.007
Smallwood|0.007
Shapiro|0.007
Crowell|0.007
Whalen|0.007
Triplett|0.007
Hooker|0.007
Chatman|0.007
Aldrich|0.007
Cahill|0.007
Youngblood|0.007
Ybarra|0.007
Stallings|0.007
Sheets|0.007
Samuel|0.007
Reeder|0.007
Person|0.007
Pack|0.007
Lacey|0.007
Connelly|0.007
Bateman|0.007
Abernathy|0.007
Winkler|0.007
Wilkes|0.007
Masters|0.007
Hackett|0.007
Granger|0.007
Gillis|0.007
Schmitz|0.007
Sapp|0.007
Napier|0.007
Souza|0.007
Lanier|0.007
Gomes|0.007
Weir|0.007
Otero|0.007
Ledford|0.007
Burroughs|0.007
Babcock|0.007
Ventura|0.007
Siegel|0.007
Dugan|0.007
Clinton|0.007
Christie|0.007
Bledsoe|0.007
Atwood|0.007
Wray|0.007
Varner|0.007
Spangler|0.007
Otto|0.007
Anaya|0.007
Staley|0.007
Kraft|0.007
Fournier|0.007
Eddy|0.007
Belanger|0.007
Wolff|0.007
Thorne|0.007
Bynum|0.007
Burnette|0.007
Boykin|0.007
Swenson|0.007
Purvis|0.007
Pina|0.007
Khan|0.007
Duvall|0.007
Darby|0.007
Xiong|0.007
Kauffman|0.007
Ali|0.007
Yu|0.007
Healy|0.007
Engle|0.007
Corona|0.007
Benoit|0.007
Valle|0.007
Steiner|0.007
Spicer|0.007
Shaver|0.007
Randle|0.007
Lundy|0.007
Dow|0.007
Chin|0.007
Calvert|0.007
Staton|0.007
Neff|0.007
Kearney|0.007
Darden|0.007
Oakley|0.007
Medeiros|0.007
McCracken|0.007
Crenshaw|0.007
Block|0.007
Beaver|0.007
Perdue|0.007
Dill|0.007
Whittaker|0.007
Tobin|0.007
Cornelius|0.007
Washburn|0.007
Hogue|0.007
Goodrich|0.007
Easley|0.007
Bravo|0.007
Dennison|0.007
Vera|0.007
Shipley|0.007
Kerns|0.007
Jorgensen|0.007
Crain|0.007
Abel|0.007
Villalobos|0.007
Maurer|0.007
Longoria|0.007
Keene|0.007
Coon|0.007
Sierra|0.007
Witherspoon|0.007
Staples|0.007
Pettit|0.007
Kincaid|0.007
Eason|0.007
Madrid|0.007
Echols|0.007
Lusk|0.007
Wu|0.007
Stahl|0.007
Currie|0.007
Thayer|0.007
Shultz|0.007
Sherwood|0.007
McNally|0.007
Seay|0.007
North|0.007
Maher|0.007
Kenny|0.007
Hope|0.007
Gagne|0.007
Barrow|0.007
Nava|0.007
Myles|0.007
Moreland|0.007
Honeycutt|0.007
Hearn|0.007
Diggs|0.007
Caron|0.007
Whitten|0.007
Westbrook|0.007
Stovall|0.007
Ragland|0.007
Queen|0.007
Munson|0.007
Meier|0.007
Looney|0.007
Kimble|0.007
Jolly|0.007
Hobson|0.007
London|0.007
Goddard|0.007
Culver|0.007
Burr|0.007
Presley|0.007
Negron|0.007
Connell|0.007
Tovar|0.007
Marcus|0.007
Huddleston|0.007
Hammer|0.007
Ashby|0.007
Salter|0.007
Root|0.007
Pendleton|0.007
O'Leary|0.007
Nickerson|0.007
Myrick|0.007
Judd|0.007
Jacobsen|0.007
Elliot|0.007
Bain|0.007
Adair|0.007
Starnes|0.007
Sheldon|0.007
Matos|0.007
Light|0.007
Busby|0.007
Herndon|0.007
Hanley|0.007
Bellamy|0.007
Jack|0.007
Doty|0.007
Bartley|0.007
Yazzie|0.007
Rowell|0.007
Parson|0.007
Gifford|0.007
Cullen|0.007
Christiansen|0.007
Benavides|0.007
Barnhart|0.007
Talbot|0.007
Mock|0.007
Crandall|0.007
Connors|0.007
Bonds|0.007
Whitt|0.007
Gage|0.007
Bergman|0.007
Arredondo|0.007
Addison|0.007
Marion|0.007
Lujan|0.007
Dowdy|0.007
Jernigan|0.007
Huynh|0.007
Bouchard|0.007
Dutton|0.007
Rhoades|0.007
Ouellette|0.007
Kiser|0.007
Rubin|0.007
Herrington|0.007
Hare|0.007
Denny|0.007
Blackman|0.007
Babb|0.007
Allred|0.007
Rudd|0.007
Paulson|0.007
Ogden|0.007
Koenig|0.007
Jacob|0.007
Irving|0.007
Geiger|0.007
Begay|0.007
Parra|0.007
Champion|0.007
Lassiter|0.007
Hawk|0.007
Esposito|0.007
Cho|0.007
Waldron|0.007
Vernon|0.007
Ransom|0.007
Prather|0.007
Keenan|0.007
Jean|0.007
Grover|0.007
Chacon|0.007
Vick|0.007
Sands|0.007
Roark|0.007
Parr|0.007
Mayberry|0.007
Greenberg|0.007
Coley|0.007
Bruner|0.007
Whitman|0.007
Skaggs|0.007
Shipman|0.007
Means|0.007
Leary|0.007
Hutton|0.007
Romo|0.007
Medrano|0.007
Ladd|0.007
Kruse|0.007
Friend|0.007
Darling|0.007
Askew|0.007
Valentin|0.007
Schulz|0.007
Alfaro|0.007
Tabor|0.007
Mohr|0.007
Gallo|0.007
Bermudez|0.007
Pereira|0.007
Isaac|0.007
Bliss|0.007
Reaves|0.006
Flint|0.006
Comer|0.006
Boston|0.006
Woodall|0.006
Naquin|0.006
Guevara|0.006
Earl|0.006
Delong|0.006
Carrier|0.006
Pickens|0.006
Brand|0.006
Tilley|0.006
Schaffer|0.006
Read|0.006
Lim|0.006
Knutson|0.006
Fenton|0.006
Doran|0.006
Chu|0.006
Vogt|0.006
Vann|0.006
Prescott|0.006
McLain|0.006
Landis|0.006
Corcoran|0.006
Ambrose|0.006
Zapata|0.006
Hyatt|0.006
Hemphill|0.006
Faulk|0.006
Call|0.006
Dove|0.006
Boudreaux|0.006
Aragon|0.006
Whitlock|0.006
Trejo|0.006
Tackett|0.006
Shearer|0.006
Saldana|0.006
Hanks|0.006
Gold|0.006
Driver|0.006
McKinnon|0.006
Koehler|0.006
Champagne|0.006
Bourgeois|0.006
Pool|0.006
Keyes|0.006
Goodson|0.006
Foote|0.006
Early|0.006
Lunsford|0.006
Goldsmith|0.006
Flood|0.006
Winslow|0.006
Sams|0.006
Reagan|0.006
McCloud|0.006
Hough|0.006
Esquivel|0.006
Naylor|0.006
Loomis|0.006
Coronado|0.006
Ludwig|0.006
Braswell|0.006
Bearden|0.006
Sherrill|0.006
Huang|0.006
Fagan|0.006
Ezell|0.006
Edmondson|0.006
Cyr|0.006
Cronin|0.006
Nunn|0.006
Lemon|0.006
Guillory|0.006
Grier|0.006
Dubose|0.006
Traylor|0.006
Ryder|0.006
Dobbins|0.006
Coyle|0.006
Aponte|0.006
Whitmore|0.006
Smalls|0.006
Rowan|0.006
Malloy|0.006
Cardona|0.006
Braxton|0.006
Borden|0.006
Humphries|0.006
Carrasco|0.006
Ruff|0.006
Metzger|0.006
Huntley|0.006
Hinojosa|0.006
Finney|0.006
Madsen|0.006
Hong|0.006
Hills|0.006
Ernst|0.006
Dozier|0.006
Burkhart|0.006
Bowser|0.006
Peralta|0.006
Daigle|0.006
Whittington|0.006
Sorenson|0.006
Saucedo|0.006
Roche|0.006
Redding|0.006
Loyd|0.006
Fugate|0.006
Avalos|0.006
Waite|0.006
Lind|0.006
Huston|0.006
Hay|0.006
Benedict|0.006
Hawthorne|0.006
Hamby|0.006
Boyles|0.006
Boles|0.006
Regan|0.006
Faust|0.006
Crook|0.006
Beam|0.006
Barger|0.006
Hinds|0.006
Gallardo|0.006
Elias|0.006
Willoughby|0.006
Willingham|0.006
Wilburn|0.006
Eckert|0.006
Busch|0.006
Zepeda|0.006
Worthington|0.006
Tinsley|0.006
Russ|0.006
Li|0.006
Hoff|0.006
Hawley|0.006
Carmona|0.006
Varela|0.006
Rector|0.006
Newcomb|0.006
Mallory|0.006
Kinsey|0.006
Dube|0.006
Whatley|0.006
Strange|0.006
Ragsdale|0.006
Ivy|0.006
Bernstein|0.006
Becerra|0.006
Yost|0.006
Mattson|0.006
Ly|0.006
Felder|0.006
Cheek|0.006
Luke|0.006
Handy|0.006
Grossman|0.006
Gauthier|0.006
Escobedo|0.006
Braden|0.006
Beckman|0.006
Mott|0.006
Hillman|0.006
Gil|0.006
Flaherty|0.006
Dykes|0.006
Doe|0.006
Stockton|0.006
Stearns|0.006
Lofton|0.006
Kitchen|0.006
Coats|0.006
Cavazos|0.006
Beavers|0.006
Barrios|0.006
Tang|0.006
Parish|0.006
Mosher|0.006
Lincoln|0.006
Cardwell|0.006
Coles|0.006
Burnham|0.006
Weller|0.006
Lemons|0.006
Beebe|0.006
Aguilera|0.006
Ring|0.006
Parnell|0.006
Harman|0.006
Couture|0.006
Alley|0.006
Schumacher|0.006
Redd|0.006
Dobbs|0.006
Blum|0.006
Blalock|0.006
Merchant|0.006
Ennis|0.006
Denson|0.006
Cottrell|0.006
Chester|0.006
Brannon|0.006
Bagley|0.006
Aviles|0.006
Watt|0.006
Sousa|0.006
Rosenthal|0.006
Rooney|0.006
Dietz|0.006
Blank|0.006
Paquette|0.006
McClelland|0.006
Duff|0.006
Velasco|0.006
Lentz|0.006
Grubb|0.006
Burrows|0.006
Barbour|0.006
Ulrich|0.006
Shockley|0.006
Rader|0.006
German|0.006
Beyer|0.006
Mixon|0.006
Layton|0.006
Altman|0.006
Alonzo|0.006
Weathers|0.006
Titus|0.006
Stoner|0.006
Squires|0.006
Shipp|0.006
Priest|0.006
Lipscomb|0.006
Cutler|0.006
Caballero|0.006
Zimmer|0.006
Willett|0.006
Thurston|0.006
Storey|0.006
Medley|0.006
Lyle|0.006
Epperson|0.006
Shah|0.006
McMillian|0.006
Baggett|0.006
Torrez|0.006
Laws|0.006
Hirsch|0.006
Dent|0.006
Corey|0.006
Poirier|0.006
Peachey|0.006
Jacques|0.006
Farrar|0.006
Creech|0.006
Barth|0.006
Trimble|0.006
France|0.006
Dupre|0.006
Albrecht|0.006
Sample|0.006
Lawler|0.006
Crisp|0.006
Conroy|0.006
Chadwick|0.006
Wetzel|0.006
Nesbitt|0.006
Murry|0.006
Jameson|0.006
Wilhelm|0.006
Patten|0.006
Minton|0.006
Matson|0.006
Kimbrough|0.006
Iverson|0.006
Guinn|0.006
Gale|0.006
Fortune|0.006
Croft|0.006
Toth|0.006
Pulliam|0.006
Nugent|0.006
Newby|0.006
Littlejohn|0.006
Dias|0.006
Canales|0.006
Bernier|0.006
Baron|0.006
Barney|0.006
Singletary|0.006
Renteria|0.006
Pruett|0.006
McHugh|0.006
Mabry|0.006
Landrum|0.006
Brower|0.006
Weldon|0.006
Stoddard|0.006
Ruth|0.006
Cagle|0.006
Stjohn|0.006
Scales|0.006
Kohler|0.006
Kellogg|0.006
Hopson|0.006
Gant|0.006
Tharp|0.006
Gann|0.006
Zeigler|0.006
Pringle|0.006
Hammons|0.006
Fairchild|0.006
Deaton|0.006
Chavis|0.006
Carnes|0.006
Rowley|0.006
Matlock|0.006
Libby|0.006
Kearns|0.006
Irizarry|0.006
Carrington|0.006
Starkey|0.006
Pepper|0.006
Lopes|0.006
Jarrell|0.006
Fay|0.006
Craven|0.006
Beverly|0.006
Baum|0.006
Spain|0.005
Littlefield|0.005
Linn|0.005
Humphreys|0.005
Hook|0.005
High|0.005
Etheridge|0.005
Cuellar|0.005
Chastain|0.005
Chance|0.005
Bundy|0.005
Speer|0.005
Skelton|0.005
Quiroz|0.005
Pyle|0.005
Portillo|0.005
Ponder|0.005
Moulton|0.005
Machado|0.005
Liu|0.005
Killian|0.005
Hutson|0.005
Hitchcock|0.005
Ellsworth|0.005
Dowling|0.005
Cloud|0.005
Burdick|0.005
Spann|0.005
Pedersen|0.005
Levin|0.005
Leggett|0.005
Hayward|0.005
Hacker|0.005
Dietrich|0.005
Beaulieu|0.005
Barksdale|0.005
Wakefield|0.005
Snowden|0.005
Paris|0.005
Briscoe|0.005
Bowie|0.005
Berman|0.005
Ogle|0.005
McGregor|0.005
Laughlin|0.005
Helm|0.005
Burden|0.005
Wheatley|0.005
Schreiber|0.005
Pressley|0.005
Parris|0.005
Ng|0.005
Alaniz|0.005
Agee|0.005
Urban|0.005
Swann|0.005
Snodgrass|0.005
Schuster|0.005
Radford|0.005
Monk|0.005
Mattingly|0.005
Main|0.005
Lamar|0.005
Harp|0.005
Girard|0.005
Cheney|0.005
Yancey|0.005
Wagoner|0.005
Ridley|0.005
Lombardo|0.005
Lau|0.005
Hudgins|0.005
Gaskins|0.005
Duckworth|0.005
Coe|0.005
Coburn|0.005
Willey|0.005
Prado|0.005
Newberry|0.005
Magana|0.005
Hammonds|0.005
Elam|0.005
Whipple|0.005
Slade|0.005
Serna|0.005
Ojeda|0.005
Liles|0.005
Dorman|0.005
Diehl|0.005
Angel|0.005
Upton|0.005
Reardon|0.005
Michaels|0.005
Kelsey|0.005
Goetz|0.005
Eller|0.005
Bauman|0.005
Baer|0.005
Augustine|0.005
Layne|0.005
Hummel|0.005
Brenner|0.005
Amaya|0.005
Adamson|0.005
Ornelas|0.005
Dowell|0.005
Cloutier|0.005
Christy|0.005
Castellanos|0.005
Wing|0.005
Wellman|0.005
Saylor|0.005
O'Rourke|0.005
Moya|0.005
Montalvo|0.005
Kilpatrick|0.005
Harley|0.005
Durbin|0.005
Shell|0.005
Oldham|0.005
Kang|0.005
Garvin|0.005
Foss|0.005
Branham|0.005
Bartholomew|0.005
Templeton|0.005
Maguire|0.005
Holton|0.005
Alonso|0.005
Rider|0.005
Monahan|0.005
McCormack|0.005
Beaty|0.005
Anders|0.005
Streeter|0.005
Nieto|0.005
Nielson|0.005
Moffett|0.005
Lankford|0.005
Keating|0.005
Heck|0.005
Gatlin|0.005
Delatorre|0.005
Callaway|0.005
Adcock|0.005
Worrell|0.005
Unger|0.005
Robinette|0.005
Nowak|0.005
Jeter|0.005
Brunner|0.005
Ashton|0.005
Steen|0.005
Parrott|0.005
Overstreet|0.005
Nobles|0.005
Montanez|0.005
Luther|0.005
Clevenger|0.005
Brinkley|0.005
Trahan|0.005
Quarles|0.005
Pickering|0.005
Pederson|0.005
Jansen|0.005
Grantham|0.005
Gilchrist|0.005
Crespo|0.005
Aiken|0.005
Schell|0.005
Schaeffer|0.005
Lorenz|0.005
Leyva|0.005
Harms|0.005
Dyson|0.005
Wallis|0.005
Pease|0.005
Leavitt|0.005
Hyman|0.005
Cheng|0.005
Cavanaugh|0.005
Batts|0.005
Warden|0.005
Seaman|0.005
Rockwell|0.005
Quezada|0.005
Paxton|0.005
Linder|0.005
Houck|0.005
Fontaine|0.005
Durant|0.005
Caruso|0.005
Adler|0.005
Pimentel|0.005
Mize|0.005
Lytle|0.005
Donald|0.005
Cleary|0.005
Cason|0.005
Acker|0.005
Switzer|0.005
Salmon|0.005
Isaacs|0.005
Higginbotham|0.005
Han|0.005
Waterman|0.005
Vandyke|0.005
Stamper|0.005
Sisk|0.005
Shuler|0.005
Riddick|0.005
Redman|0.005
McMahan|0.005
Levesque|0.005
Hatton|0.005
Bronson|0.005
Bollinger|0.005
Arnett|0.005
O'Keefe|0.005
Gerber|0.005
Gannon|0.005
Farnsworth|0.005
Baughman|0.005
Silverman|0.005
Satterfield|0.005
Royal|0.005
McCrary|0.005
Kowalski|0.005
Joy|0.005
Grigsby|0.005
Greco|0.005
Cabral|0.005
Trout|0.005
Rinehart|0.005
Mahon|0.005
Linton|0.005
Gooden|0.005
Curley|0.005
Baugh|0.005
Wyman|0.005
Weiner|0.005
Schwab|0.005
Schuler|0.005
Morrissey|0.005
Mahan|0.005
Coy|0.005
Bunn|0.005
Andrew|0.005
Thrasher|0.005
Spear|0.005
Waggoner|0.005
Shelley|0.005
Robert|0.005
Qualls|0.005
Purdy|0.005
McWhorter|0.005
Mauldin|0.005
Mark|0.005
Jordon|0.005
Gilman|0.005
Perryman|0.005
Newsom|0.005
Menard|0.005
Martino|0.005
Graf|0.005
Billingsley|0.005
Artis|0.005
Simpkins|0.005
Salisbury|0.005
Quintanilla|0.005
Gilliland|0.005
Fraley|0.005
Foust|0.005
Crouse|0.005
Scarborough|0.005
Ngo|0.005
Grissom|0.005
Fultz|0.005
Rico|0.005
Marlow|0.005
Markham|0.005
Madrigal|0.005
Lawton|0.005
Barfield|0.005
Whiting|0.005
Varney|0.005
Schwarz|0.005
Huey|0.005
Gooch|0.005
Arce|0.005
Wheat|0.005
Truong|0.005
Poulin|0.005
MacKenzie|0.005
Leone|0.005
Hurtado|0.005
Selby|0.005
Gaither|0.005
Fortner|0.005
Culpepper|0.005
Coughlin|0.005
Brinson|0.005
Boudreau|0.005
Barkley|0.005
Bales|0.005
Stepp|0.005
Holm|0.005
Tan|0.005
Schilling|0.005
Morrell|0.005
Kahn|0.005
Heaton|0.005
Gamez|0.005
Douglass|0.005
Causey|0.005
Brothers|0.005
Turpin|0.005
Shanks|0.005
Schrader|0.005
Meek|0.005
Isom|0.005
Hardison|0.005
Carranza|0.005
Yanez|0.005
Way|0.005
Scroggins|0.005
Schofield|0.005
Runyon|0.005
Ratcliff|0.005
Murrell|0.005
Moeller|0.005
Irby|0.005
Currier|0.005
Butterfield|0.005
Yee|0.005
Ralston|0.005
Pullen|0.005
Pinson|0.005
Estep|0.005
East|0.005
Carbone|0.005
Lance|0.005
Hawks|0.005
Ellington|0.005
Casillas|0.005
Spurlock|0.005
Sikes|0.005
Motley|0.005
McCartney|0.005
Kruger|0.005
Isbell|0.005
Houle|0.005
Francisco|0.005
Burk|0.005
Bone|0.005
Tomlin|0.005
Shelby|0.005
Quigley|0.005
Neumann|0.005
Lovelace|0.005
Fennell|0.005
Colby|0.005
Cheatham|0.005
Bustamante|0.005
Skidmore|0.005
Hidalgo|0.005
Forman|0.005
Culp|0.005
Bowens|0.005
Betancourt|0.005
Aquino|0.005
Robb|0.005
Rea|0.005
Milner|0.005
Martel|0.005
Gresham|0.005
Wiles|0.005
Ricketts|0.005
Gavin|0.005
Dowd|0.005
Collazo|0.005
Bostic|0.005
Blakely|0.005
Sherrod|0.005
Power|0.005
Kenyon|0.005
Gandy|0.005
Ebert|0.005
Deloach|0.005
Cary|0.005
Bull|0.005
Allard|0.005
Sauer|0.005
Robins|0.005
Olivares|0.005
Gillette|0.005
Chestnut|0.005
Bourque|0.005
Paine|0.005
Lyman|0.005
Hite|0.005
Hauser|0.005
Devore|0.005
Crawley|0.005
Chapa|0.005
Vu|0.005
Tobias|0.005
Talbert|0.005
Poindexter|0.005
Millard|0.005
Meador|0.005
McDuffie|0.005
Mattox|0.005
Kraus|0.005
Harkins|0.005
Choate|0.005
Bess|0.005
Wren|0.005
Sledge|0.005
Sanborn|0.005
Outlaw|0.005
Kinder|0.005
Geary|0.005
Cornwell|0.005
Barclay|0.005
Adam|0.005
Abney|0.005
Seward|0.005
Rhoads|0.005
Howland|0.005
Fortier|0.005
Easter|0.005
Benner|0.005
Vines|0.005
Tubbs|0.005
Troutman|0.005
Rapp|0.005
Noe|0.005
McCurdy|0.005
Harder|0.005
Deluca|0.005
Westmoreland|0.005
South|0.005
Havens|0.005
Guajardo|0.005
Ely|0.005
Clary|0.005
Seal|0.005
Meehan|0.005
Herzog|0.005
Guillen|0.005
Ashcraft|0.005
Waugh|0.005
Renner|0.005
Milam|0.005
Jung|0.005
Elrod|0.005
Churchill|0.005
Buford|0.005
Breaux|0.005
Bolin|0.005
Asher|0.005
Windham|0.005
Tirado|0.005
Pemberton|0.005
Nolen|0.005
Noland|0.005
Knott|0.005
Emmons|0.005
Cornish|0.005
Christenson|0.005
Brownlee|0.005
Barbee|0.005
Waldrop|0.004
Pitt|0.004
Olvera|0.004
Lombardi|0.004
Gruber|0.004
Gaffney|0.004
Eggleston|0.004
Banda|0.004
Archuleta|0.004
Still|0.004
Slone|0.004
Prewitt|0.004
Pfeiffer|0.004
Nettles|0.004
Mena|0.004
McAdams|0.004
Henning|0.004
Gardiner|0.004
Cromwell|0.004
Chisholm|0.004
Burleson|0.004
Box|0.004
Vest|0.004
Oglesby|0.004
McCarter|0.004
Malcolm|0.004
Lumpkin|0.004
Larue|0.004
Grey|0.004
Wofford|0.004
Vanhorn|0.004
Thorn|0.004
Teel|0.004
Swafford|0.004
Stclair|0.004
Stanfield|0.004
Ocampo|0.004
Herrmann|0.004
Hannon|0.004
Arsenault|0.004
Roush|0.004
McAlister|0.004
Hiatt|0.004
Gunderson|0.004
Forsythe|0.004
Duggan|0.004
Delvalle|0.004
Cintron|0.004
Wilks|0.004
Weinstein|0.004
Uribe|0.004
Rizzo|0.004
Noyes|0.004
McLendon|0.004
Gurley|0.004
Bethea|0.004
Winstead|0.004
Maples|0.004
Harry|0.004
Guyton|0.004
Giordano|0.004
Alderman|0.004
Valdes|0.004
Polanco|0.004
Pappas|0.004
Lively|0.004
Grogan|0.004
Griffiths|0.004
Bobo|0.004
Arevalo|0.004
Whitson|0.004
Sowell|0.004
Rendon|0.004
Matthew|0.004
Julian|0.004
Fernandes|0.004
Farrow|0.004
Edmond|0.004
Benavidez|0.004
Ayres|0.004
Alicea|0.004
Stump|0.004
Smalley|0.004
Seitz|0.004
Schulte|0.004
Gilley|0.004
Gallant|0.004
Dewey|0.004
Casper|0.004
Canfield|0.004
Wolford|0.004
O'Malley|0.004
McNutt|0.004
McNulty|0.004
McGovern|0.004
Hardman|0.004
Harbin|0.004
Cowart|0.004
Chavarria|0.004
Brink|0.004
Beckett|0.004
Bagwell|0.004
Armstead|0.004
Anglin|0.004
Abreu|0.004
Reynoso|0.004
Krebs|0.004
Jett|0.004
Hoffmann|0.004
Greenfield|0.004
Forte|0.004
Burney|0.004
Broome|0.004
Sisson|0.004
Parent|0.004
Jude|0.004
Younger|0.004
Trammell|0.004
Partridge|0.004
Marvin|0.004
Mace|0.004
Lomax|0.004
Lemieux|0.004
Gossett|0.004
Frantz|0.004
Fogle|0.004
Cooney|0.004
Broughton|0.004
Pence|0.004
Paulsen|0.004
Neil|0.004
Muncy|0.004
McArthur|0.004
Hollins|0.004
Edward|0.004
Beauchamp|0.004
Withers|0.004
Osorio|0.004
Mulligan|0.004
Hoyle|0.004
Foy|0.004
Dockery|0.004
Cockrell|0.004
Begley|0.004
Amador|0.004
Roby|0.004
Rains|0.004
Lindquist|0.004
Gentile|0.004
Everhart|0.004
Bohannon|0.004
Wylie|0.004
Thao|0.004
Sommers|0.004
Purnell|0.004
Palma|0.004
Fortin|0.004
Dunning|0.004
Breeden|0.004
Vail|0.004
Phelan|0.004
Phan|0.004
Marx|0.004
Cosby|0.004
Colburn|0.004
Chong|0.004
Boling|0.004
Biddle|0.004
Ledesma|0.004
Gaddis|0.004
Denney|0.004
Chow|0.004
Bueno|0.004
Berrios|0.004
Wicker|0.004
Tolliver|0.004
Thibodeaux|0.004
Nagle|0.004
Lavoie|0.004
Fisk|0.004
Do|0.004
Crist|0.004
Barbosa|0.004
Reedy|0.004
March|0.004
Locklear|0.004
Kolb|0.004
Himes|0.004
Behrens|0.004
Beckwith|0.004
Beckham|0.004
Weems|0.004
Wahl|0.004
Shorter|0.004
Shackelford|0.004
Rees|0.004
Muse|0.004
Free|0.004
Cerda|0.004
Valadez|0.004
Thibodeau|0.004
Saavedra|0.004
Ridgeway|0.004
Reiter|0.004
McHenry|0.004
Majors|0.004
Lachance|0.004
Keaton|0.004
Israel|0.004
Ferrara|0.004
Falcon|0.004
Clemens|0.004
Blocker|0.004
Applegate|0.004
Paz|0.004
Needham|0.004
Mojica|0.004
Kuykendall|0.004
Hamel|0.004
Escamilla|0.004
Doughty|0.004
Burchett|0.004
Ainsworth|0.004
Wilbur|0.004
Vidal|0.004
Upchurch|0.004
Thigpen|0.004
Strauss|0.004
Spruill|0.004
Sowers|0.004
Riggins|0.004
Ricker|0.004
McCombs|0.004
Harlow|0.004
Garnett|0.004
Buffington|0.004
Yi|0.004
Sotelo|0.004
Olivas|0.004
Negrete|0.004
Morey|0.004
Macon|0.004
Logsdon|0.004
Lapointe|0.004
Florence|0.004
Cathey|0.004
Bigelow|0.004
Bello|0.004
Westfall|0.004
Stubblefield|0.004
Peak|0.004
Lindley|0.004
Jeffrey|0.004
Hein|0.004
Hawes|0.004
Farrington|0.004
Edge|0.004
Breen|0.004
Birch|0.004
Wilde|0.004
Steed|0.004
Sepulveda|0.004
Reinhardt|0.004
Proffitt|0.004
Minter|0.004
Messina|0.004
McNabb|0.004
Maier|0.004
Keeler|0.004
Gamboa|0.004
Donohue|0.004
Dexter|0.004
Basham|0.004
Shinn|0.004
Orlando|0.004
Crooks|0.004
Cota|0.004
Borders|0.004
Bills|0.004
Bachman|0.004
Tisdale|0.004
Tavares|0.004
Schmid|0.004
Pickard|0.004
Jasper|0.004
Gulley|0.004
Fonseca|0.004
Delossantos|0.004
Condon|0.004
Clancy|0.004
Batista|0.004
Wicks|0.004
Wadsworth|0.004
New|0.004
Martell|0.004
Lo|0.004
Littleton|0.004
Ison|0.004
Haag|0.004
Folsom|0.004
Brumfield|0.004
Broyles|0.004
Brito|0.004
Mireles|0.004
McDonnell|0.004
Leclair|0.004
Hamblin|0.004
Gough|0.004
Fanning|0.004
Binder|0.004
Winfield|0.004
Whitworth|0.004
Soriano|0.004
Palumbo|0.004
Newkirk|0.004
Mangum|0.004
Hutcherson|0.004
Comstock|0.004
Cecil|0.004
Carlin|0.004
Beall|0.004
Bair|0.004
Wendt|0.004
Watters|0.004
Walling|0.004
Putman|0.004
O'Toole|0.004
Oliva|0.004
Morley|0.004
Mares|0.004
Lemus|0.004
Keener|0.004
Jeffery|0.004
Hundley|0.004
Dial|0.004
Damico|0.004
Billups|0.004
Strother|0.004
McFarlane|0.004
Lamm|0.004
Eaves|0.004
Crutcher|0.004
Caraballo|0.004
Canty|0.004
Atwell|0.004
Taft|0.004
Siler|0.004
Rust|0.004
Rawls|0.004
Rawlings|0.004
Prieto|0.004
Niles|0.004
McNeely|0.004
McAfee|0.004
Hulsey|0.004
Harlan|0.004
Hackney|0.004
Galvez|0.004
Escalante|0.004
Delagarza|0.004
Crider|0.004
Charlton|0.004
Bandy|0.004
Wilbanks|0.004
Stowe|0.004
Steinberg|0.004
Samson|0.004
Renfro|0.004
Masterson|0.004
Massie|0.004
Lanham|0.004
Haskell|0.004
Hamrick|0.004
Fort|0.004
Dehart|0.004
Card|0.004
Burdette|0.004
Branson|0.004
Bourne|0.004
Babin|0.004
Aleman|0.004
Worthy|0.004
Tibbs|0.004
Sweat|0.004
Smoot|0.004
Slack|0.004
Paradis|0.004
Packard|0.004
Mull|0.004
Luce|0.004
Houghton|0.004
Gantt|0.004
Furman|0.004
Danner|0.004
Christianson|0.004
Burge|0.004
Broderick|0.004
Ashford|0.004
Arndt|0.004
Almeida|0.004
Stallworth|0.004
Shade|0.004
Searcy|0.004
Sager|0.004
Noonan|0.004
McLemore|0.004
McIntire|0.004
Maxey|0.004
Lavigne|0.004
Jobe|0.004
Ireland|0.004
Ferrer|0.004
Falk|0.004
Edgar|0.004
Coffin|0.004
Byrnes|0.004
Aranda|0.004
Apodaca|0.004
Stamps|0.004
Rounds|0.004
Peek|0.004
Olmstead|0.004
Lewandowski|0.004
Kaminski|0.004
Her|0.004
Dunaway|0.004
Bruns|0.004
Brackett|0.004
Amato|0.004
Reich|0.004
McClung|0.004
Lacroix|0.004
Koontz|0.004
Herrick|0.004
Hardesty|0.004
Flanders|0.004
Cousins|0.004
Close|0.004
Cato|0.004
Cade|0.004
Vickery|0.004
Shank|0.004
Nagel|0.004
Dupuis|0.004
Croteau|0.004
Cotter|0.004
Cable|0.004
Stuckey|0.004
Stine|0.004
Porterfield|0.004
Pauley|0.004
Nye|0.004
Moffitt|0.004
Lu|0.004
Knudsen|0.004
Hardwick|0.004
Goforth|0.004
Dupont|0.004
Blunt|0.004
Barrows|0.004
Barnhill|0.004
Shull|0.004
Rash|0.004
Ralph|0.004
Penny|0.004
Lorenzo|0.004
Loftis|0.004
Lemay|0.004
Kitchens|0.004
Horvath|0.004
Grenier|0.004
Fuchs|0.004
Fairbanks|0.004
Culbertson|0.004
Calkins|0.004
Burnside|0.004
Beattie|0.004
Ashworth|0.004
Albertson|0.004
Wertz|0.004
Vo|0.004
Vaught|0.004
Vallejo|0.004
Tyree|0.004
Turk|0.004
Tuck|0.004
Tijerina|0.004
Sage|0.004
Picard|0.004
Peterman|0.004
Otis|0.004
Marroquin|0.004
Marr|0.004
Lantz|0.004
Hoang|0.004
Demarco|0.004
Daily|0.004
Cone|0.004
Berube|0.004
Barnette|0.004
Wharton|0.004
Stinnett|0.004
Slocum|0.004
Scanlon|0.004
Sander|0.004
Pinto|0.004
Mancuso|0.004
Lima|0.004
Judge|0.004
Headley|0.004
Epstein|0.004
Counts|0.004
Clarkson|0.004
Carnahan|0.004
Brice|0.004
Boren|0.004
Arteaga|0.004
Adame|0.004
Zook|0.004
Whittle|0.004
Whitehurst|0.004
Wenzel|0.004
Saxton|0.004
Rhea|0.004
Reddick|0.004
Puente|0.004
Hazel|0.004
Handley|0.004
Haggerty|0.004
Earley|0.004
Devlin|0.004
Dallas|0.004
Chaffin|0.004
Cady|0.004
Ahmed|0.004
Acuna|0.004
Solano|0.004
Sigler|0.004
Pollack|0.004
Pendergrass|0.004
Ostrander|0.004
Janes|0.004
Francois|0.004
Fine|0.004
Crutchfield|0.004
Cordell|0.004
Chamberlin|0.004
Brubaker|0.004
Baptiste|0.004
Willson|0.004
Reis|0.004
Neeley|0.004
Mullin|0.004
Mercier|0.004
Lira|0.004
Layman|0.004
Keeling|0.004
Higdon|0.004
Guest|0.004
Forrester|0.004
Espinal|0.004
Dion|0.004
Chapin|0.004
Carl|0.004
Warfield|0.004
Toledo|0.004
Pulido|0.004
Peebles|0.004
Nagy|0.004
Montague|0.004
Mello|0.004
Lear|0.004
Jaeger|0.004
Hogg|0.004
Graff|0.004
Furr|0.004
Derrick|0.004
Cave|0.004
Canada|0.004
Soliz|0.004
Poore|0.004
Mendenhall|0.004
McLaurin|0.004
Maestas|0.004
Low|0.004
Gable|0.004
Belt|0.004
Barraza|0.004
Tillery|0.004
Snead|0.004
Pond|0.004
Neill|0.004
McCulloch|0.004
McCorkle|0.004
Lightfoot|0.004
Hutchings|0.004
Holloman|0.004
Harness|0.004
Dorn|0.004
Council|0.004
Bock|0.004
Zielinski|0.004
Turley|0.004
Treadwell|0.004
Stpierre|0.004
Starling|0.004
Somers|0.004
Oswald|0.004
Merrick|0.004
Marquis|0.004
Ivory|0.004
Easterling|0.004
Bivens|0.004
Truitt|0.004
Poston|0.004
Parry|0.004
Ontiveros|0.004
Olivarez|0.004
Neville|0.004
Moreau|0.004
Medlin|0.004
Ma|0.004
Lenz|0.004
Knowlton|0.004
Fairley|0.004
Cobbs|0.004
Chisolm|0.004
Bannister|0.004
Woodworth|0.004
Toler|0.004
Ocasio|0.004
Noriega|0.004
Neuman|0.004
Moye|0.004
Milburn|0.004
McClanahan|0.004
Lilley|0.004
Hanes|0.004
Flannery|0.004
Dellinger|0.004
Danielson|0.004
Conti|0.004
Blodgett|0.004
Beers|0.004
Weatherford|0.004
Strain|0.004
Karr|0.004
Hitt|0.004
Denham|0.004
Custer|0.004
Coble|0.004
Clough|0.004
Casteel|0.004
Bolduc|0.004
Batchelor|0.004
Ammons|0.004
Whitlow|0.004
Tierney|0.004
Staten|0.004
Sibley|0.004
Seifert|0.004
Schubert|0.004
Salcedo|0.004
Mattison|0.004
Laney|0.004
Haggard|0.004
Grooms|0.004
Dix|0.004
Dees|0.004
Cromer|0.004
Cooks|0.004
Colson|0.004
Caswell|0.004
Zarate|0.004
Swisher|0.004
Stacey|0.004
Shin|0.004
Ragan|0.004
Pridgen|0.004
McVey|0.004
Matheny|0.004
Leigh|0.004
Lafleur|0.004
Franz|0.004
Ferraro|0.004
Dugger|0.004
Whiteside|0.004
Rigsby|0.004
McMurray|0.004
Lehmann|0.004
Large|0.004
Jacoby|0.004
Hildebrand|0.004
Hendrick|0.004
Headrick|0.004
Goad|0.004
Fincher|0.004
Drury|0.004
Borges|0.004
Archibald|0.004
Albers|0.004
Woodcock|0.004
Trapp|0.004
Soares|0.004
Seaton|0.004
Richie|0.004
Monson|0.004
Luckett|0.004
Lindberg|0.004
Kopp|0.004
Keeton|0.004
Hsu|0.004
Healey|0.004
Garvey|0.004
Gaddy|0.004
Fain|0.004
Burchfield|0.004
Badger|0.004
Wentworth|0.004
Strand|0.004
Stack|0.004
Spooner|0.004
Saucier|0.004
Sales|0.004
Ruby|0.004
Ricci|0.004
Plunkett|0.004
Pannell|0.004
Ness|0.004
Leger|0.004
Hoy|0.004
Freitas|0.004
Fong|0.004
Elizondo|0.004
Duval|0.004
Chun|0.004
Calvin|0.004
Beaudoin|0.004
Urbina|0.004
Stock|0.004
Rickard|0.004
Partin|0.004
Moe|0.004
McGrew|0.004
McClintock|0.004
Ledoux|0.004
Forsyth|0.004
Faison|0.004
Devries|0.004
Bertrand|0.004
Wasson|0.003
Tilton|0.003
Scarbrough|0.003
Pride|0.003
Oh|0.003
Leung|0.003
Larry|0.003
Irvine|0.003
Garber|0.003
Denning|0.003
Corral|0.003
Colley|0.003
Castleberry|0.003
Bowlin|0.003
Bogan|0.003
Beale|0.003
Baines|0.003
True|0.003
Trice|0.003
Rayburn|0.003
Parkinson|0.003
Pak|0.003
Nunes|0.003
McMillen|0.003
Leahy|0.003
Lea|0.003
Kimmel|0.003
Higgs|0.003
Fulmer|0.003
Carden|0.003
Bedford|0.003
Taggart|0.003
Spearman|0.003
Register|0.003
Prichard|0.003
Morrill|0.003
Koonce|0.003
Heinz|0.003
Hedges|0.003
Guenther|0.003
Grice|0.003
Findley|0.003
Earle|0.003
Dover|0.003
Creighton|0.003
Boothe|0.003
Bayer|0.003
Arreola|0.003
Vitale|0.003
Valles|0.003
See|0.003
Raney|0.003
Peter|0.003
Osgood|0.003
Lowell|0.003
Hanlon|0.003
Burley|0.003
Bounds|0.003
Worden|0.003
Weatherly|0.003
Vetter|0.003
Tanaka|0.003
Stiltner|0.003
Sell|0.003
Nevarez|0.003
Mosby|0.003
Montero|0.003
Melancon|0.003
Harter|0.003
Hamer|0.003
Goble|0.003
Gladden|0.003
Gist|0.003
Ginn|0.003
Akin|0.003
Zaragoza|0.003
Towns|0.003
Tarver|0.003
Sammons|0.003
Royster|0.003
O'Reilly|0.003
Muir|0.003
Morehead|0.003
Luster|0.003
Kingsley|0.003
Kelso|0.003
Grisham|0.003
Glynn|0.003
Baumann|0.003
Alves|0.003
Yount|0.003
Tamayo|0.003
Tam|0.003
Paterson|0.003
Oates|0.003
Menendez|0.003
Longo|0.003
Hargis|0.003
Greenlee|0.003
Gillen|0.003
Desantis|0.003
Conover|0.003
Breedlove|0.003
Wayne|0.003
Sumpter|0.003
Scherer|0.003
Rupp|0.003
Reichert|0.003
Heredia|0.003
Fallon|0.003
Creel|0.003
Cohn|0.003
Clemmons|0.003
Casas|0.003
Bickford|0.003
Belton|0.003
Bach|0.003
Williford|0.003
Whitcomb|0.003
Tennant|0.003
Sutter|0.003
Stull|0.003
Sessions|0.003
McCallum|0.003
Manson|0.003
Langlois|0.003
Keel|0.003
Keegan|0.003
Emanuel|0.003
Dangelo|0.003
Dancy|0.003
Damron|0.003
Clapp|0.003
Clanton|0.003
Bankston|0.003
Trinidad|0.003
Oliveira|0.003
Mintz|0.003
McInnis|0.003
Martens|0.003
Mabe|0.003
Laster|0.003
Jolley|0.003
Irish|0.003
Hildreth|0.003
Hefner|0.003
Glaser|0.003
Duckett|0.003
Demers|0.003
Brockman|0.003
Blais|0.003
Back|0.003
Alcorn|0.003
Agnew|0.003
Toliver|0.003
Tice|0.003
Song|0.003
Seeley|0.003
Najera|0.003
Musser|0.003
McFall|0.003
Laplante|0.003
Galvin|0.003
Fajardo|0.003
Doan|0.003
Coyne|0.003
Copley|0.003
Clawson|0.003
Cheung|0.003
Barone|0.003
Wynne|0.003
Woodley|0.003
Tremblay|0.003
Stoll|0.003
Sparrow|0.003
Sparkman|0.003
Schweitzer|0.003
Sasser|0.003
Samples|0.003
Roney|0.003
Ramon|0.003
Legg|0.003
Lai|0.003
Joe|0.003
Heim|0.003
Farias|0.003
Concepcion|0.003
Colwell|0.003
Christman|0.003
Bratcher|0.003
Alba|0.003
Winchester|0.003
Upshaw|0.003
Southerland|0.003
Sorrell|0.003
Shay|0.003
Sells|0.003
Mount|0.003
McCloskey|0.003
Martindale|0.003
Luttrell|0.003
Loveless|0.003
Lovejoy|0.003
Linares|0.003
Latimer|0.003
Holly|0.003
Embry|0.003
Coombs|0.003
Bratton|0.003
Bostick|0.003
Boss|0.003
Venable|0.003
Tuggle|0.003
Toro|0.003
Staggs|0.003
Sandlin|0.003
Jefferies|0.003
Heckman|0.003
Griffis|0.003
Crayton|0.003
Clem|0.003
Button|0.003
Browder|0.003
Allan|0.003
Thorton|0.003
Sturgill|0.003
Sprouse|0.003
Royer|0.003
Rousseau|0.003
Ridenour|0.003
Pogue|0.003
Perales|0.003
Peeples|0.003
Metzler|0.003
Mesa|0.003
McCutcheon|0.003
McBee|0.003
Jay|0.003
Hornsby|0.003
Heffner|0.003
Corrigan|0.003
Armijo|0.003
Vue|0.003
Romeo|0.003
Plante|0.003
Peyton|0.003
Paredes|0.003
Macklin|0.003
Hussey|0.003
Hodgson|0.003
Granados|0.003
Frias|0.003
Carman|0.003
Brent|0.003
Becnel|0.003
Batten|0.003
Almanza|0.003
Turney|0.003
Teal|0.003
Sturgeon|0.003
Meeker|0.003
McDaniels|0.003
Limon|0.003
Keeney|0.003
Kee|0.003
Hutto|0.003
Holguin|0.003
Gorham|0.003
Fishman|0.003
Fierro|0.003
Blanchette|0.003
Rodrigue|0.003
Reddy|0.003
Osburn|0.003
Oden|0.003
Lerma|0.003
Kirkwood|0.003
Keefer|0.003
Haugen|0.003
Hammett|0.003
Chalmers|0.003
Carlos|0.003
Brinkman|0.003
Baumgartner|0.003
Zhang|0.003
Valerio|0.003
Tellez|0.003
Steffen|0.003
Shumate|0.003
Sauls|0.003
Ripley|0.003
Kemper|0.003
Jacks|0.003
Guffey|0.003
Evers|0.003
Craddock|0.003
Carvalho|0.003
Blaylock|0.003
Banuelos|0.003
Balderas|0.003
Wooden|0.003
Wheaton|0.003
Turnbull|0.003
Shuman|0.003
Pointer|0.003
Mosier|0.003
McCue|0.003
Ligon|0.003
Kozlowski|0.003
Johansen|0.003
Ingle|0.003
Herr|0.003
Briones|0.003
Southern|0.003
Snipes|0.003
Rickman|0.003
Pipkin|0.003
Peace|0.003
Pantoja|0.003
Orosco|0.003
Moniz|0.003
Lawless|0.003
Kunkel|0.003
Hibbard|0.003
Galarza|0.003
Enos|0.003
Bussey|0.003
Settle|0.003
Schott|0.003
Salcido|0.003
Perreault|0.003
McDougal|0.003
McCool|0.003
Haight|0.003
Garris|0.003
Ferry|0.003
Easton|0.003
Conyers|0.003
Atherton|0.003
Wimberly|0.003
Utley|0.003
Stephen|0.003
Spellman|0.003
Smithson|0.003
Slagle|0.003
Skipper|0.003
Ritchey|0.003
Rand|0.003
Petit|0.003
O'Sullivan|0.003
Oaks|0.003
Nutt|0.003
McVay|0.003
McCreary|0.003
Mayhew|0.003
Knoll|0.003
Jewett|0.003
Harwood|0.003
Hailey|0.003
Cardoza|0.003
Ashe|0.003
Arriaga|0.003
Andres|0.003
Zeller|0.003
Wirth|0.003
Whitmire|0.003
Stauffer|0.003
Spring|0.003
Rountree|0.003
Redden|0.003
McCaffrey|0.003
Martz|0.003
Loving|0.003
Larose|0.003
Langdon|0.003
Humes|0.003
Gaskin|0.003
Faber|0.003
Doll|0.003
Devito|0.003
Cass|0.003
Almond|0.003
Wingfield|0.003
Wingate|0.003
Villareal|0.003
Tyner|0.003
Smothers|0.003
Severson|0.003
Reno|0.003
Pennell|0.003
Maupin|0.003
Leighton|0.003
Janssen|0.003
Hassell|0.003
Hallman|0.003
Halcomb|0.003
Folse|0.003
Fitzsimmons|0.003
Fahey|0.003
Cranford|0.003
Bolen|0.003
Battles|0.003
Battaglia|0.003
Wooldridge|0.003
Weed|0.003
Trask|0.003
Rosser|0.003
Regalado|0.003
McEwen|0.003
Keefe|0.003
Fuqua|0.003
Echevarria|0.003
Domingo|0.003
Dang|0.003
Caro|0.003
Boynton|0.003
Andrus|0.003
Wild|0.003
Viera|0.003
Vanmeter|0.003
Taber|0.003
Spradlin|0.003
Seibert|0.003
Provost|0.003
Prentice|0.003
Oliphant|0.003
Laporte|0.003
Hwang|0.003
Hatchett|0.003
Hass|0.003
Greiner|0.003
Freedman|0.003
Covert|0.003
Chilton|0.003
Byars|0.003
Wiese|0.003
Venegas|0.003
Swank|0.003
Shrader|0.003
Roderick|0.003
Roberge|0.003
Mullis|0.003
Mortensen|0.003
McCune|0.003
Marlowe|0.003
Kirchner|0.003
Keck|0.003
Isaacson|0.003
Hostetler|0.003
Halverson|0.003
Gunther|0.003
Griswold|0.003
Gerard|0.003
Fenner|0.003
Durden|0.003
Blackwood|0.003
Bertram|0.003
Ahrens|0.003
Sawyers|0.003
Savoy|0.003
Nabors|0.003
McSwain|0.003
MacKay|0.003
Loy|0.003
Lavender|0.003
Lash|0.003
Labbe|0.003
Jessup|0.003
Hubert|0.003
Fullerton|0.003
Donnell|0.003
Cruse|0.003
Crittenden|0.003
Correia|0.003
Centeno|0.003
Caudle|0.003
Canady|0.003
Callender|0.003
Alarcon|0.003
Ahern|0.003
Winfrey|0.003
Tribble|0.003
Tom|0.003
Styles|0.003
Salley|0.003
Roden|0.003
Musgrove|0.003
Minnick|0.003
Fortenberry|0.003
Carrion|0.003
Bunting|0.003
Bethel|0.003
Batiste|0.003
Woo|0.003
Whited|0.003
Underhill|0.003
Stillwell|0.003
Silvia|0.003
Rauch|0.003
Pippin|0.003
Perrin|0.003
Messenger|0.003
Mancini|0.003
Lister|0.003
Kinard|0.003
Hartmann|0.003
Fleck|0.003
Broadway|0.003
Wilt|0.003
Treadway|0.003
Thornhill|0.003
Speed|0.003
Spalding|0.003
Sam|0.003
Rafferty|0.003
Pitre|0.003
Patino|0.003
Ordonez|0.003
Linkous|0.003
Kelleher|0.003
Homan|0.003
Holiday|0.003
Galbraith|0.003
Feeney|0.003
Dorris|0.003
Curtin|0.003
Coward|0.003
Camarillo|0.003
Buss|0.003
Bunnell|0.003
Bolt|0.003
Beeler|0.003
Autry|0.003
Alcala|0.003
Witte|0.003
Wentz|0.003
Stidham|0.003
Shively|0.003
Nunley|0.003
Meacham|0.003
Martins|0.003
Lemke|0.003
Lefebvre|0.003
Kaye|0.003
Hynes|0.003
Horowitz|0.003
Hoppe|0.003
Holcombe|0.003
Estrella|0.003
Dunne|0.003
Derr|0.003
Cochrane|0.003
Brittain|0.003
Bedard|0.003
Beauregard|0.003
Torrence|0.003
Strunk|0.003
Soria|0.003
Simonson|0.003
Shumaker|0.003
Scoggins|0.003
Packer|0.003
O'Conner|0.003
Moriarty|0.003
Leroy|0.003
Kuntz|0.003
Ives|0.003
Hutcheson|0.003
Horan|0.003
Hales|0.003
Garmon|0.003
Fitts|0.003
Dell|0.003
Bohn|0.003
Atchison|0.003
Worth|0.003
Wisniewski|0.003
Will|0.003
Vanwinkle|0.003
Sturm|0.003
Sallee|0.003
Prosser|0.003
Moen|0.003
Lundberg|0.003
Kunz|0.003
Kohl|0.003
Keane|0.003
Jorgenson|0.003
Jaynes|0.003
Funderburk|0.003
Freed|0.003
Frame|0.003
Durr|0.003
Creamer|0.003
Cosgrove|0.003
Candelaria|0.003
Berlin|0.003
Batson|0.003
Vanhoose|0.003
Thomsen|0.003
Teeter|0.003
Sommer|0.003
Smyth|0.003
Sena|0.003
Redmon|0.003
O'Rellana|0.003
Maness|0.003
Lennon|0.003
Heflin|0.003
Goulet|0.003
Frick|0.003
Forney|0.003
Dollar|0.003
Bunker|0.003
Asbury|0.003
Aguiar|0.003
Talbott|0.003
Southard|0.003
Pleasant|0.003
Mowery|0.003
Mears|0.003
Lemmon|0.003
Krieger|0.003
Hickson|0.003
Gracia|0.003
Elston|0.003
Duong|0.003
Delgadillo|0.003
Dayton|0.003
Dasilva|0.003
Conaway|0.003
Catron|0.003
Bruton|0.003
Bradbury|0.003
Bordelon|0.003
Bivins|0.003
Bittner|0.003
Bergstrom|0.003
Beals|0.003
Abell|0.003
Whelan|0.003
Travers|0.003
Tejada|0.003
Pulley|0.003
Pino|0.003
Norfleet|0.003
Nealy|0.003
Maes|0.003
Loper|0.003
Held|0.003
Gerald|0.003
Gatewood|0.003
Frierson|0.003
Freund|0.003
Finnegan|0.003
Cupp|0.003
Covey|0.003
Catalano|0.003
Boehm|0.003
Bader|0.003
Yoon|0.003
Walston|0.003
Tenney|0.003
Sipes|0.003
Roller|0.003
Rawlins|0.003
Medlock|0.003
McCaskill|0.003
McCallister|0.003
Marcotte|0.003
MacLean|0.003
Hughey|0.003
Henke|0.003
Harwell|0.003
Gladney|0.003
Gilson|0.003
Dew|0.003
Chism|0.003
Caskey|0.003
Brandenburg|0.003
Baylor|0.003
Villasenor|0.003
Veal|0.003
Van|0.003
Thatcher|0.003
Stegall|0.003
Shore|0.003
Petrie|0.003
Nowlin|0.003
Navarrete|0.003
Muhammad|0.003
Lombard|0.003
Loftin|0.003
Lemaster|0.003
Kroll|0.003
Kovach|0.003
Kimbrell|0.003
Kidwell|0.003
Hershberger|0.003
Fulcher|0.003
Eng|0.003
Cantwell|0.003
Bustos|0.003
Boland|0.003
Bobbitt|0.003
Binkley|0.003
Wester|0.003
Weis|0.003
Verdin|0.003
Tong|0.003
Tiller|0.003
Sisco|0.003
Sharkey|0.003
Seymore|0.003
Rosenbaum|0.003
Rohr|0.003
Quinonez|0.003
Pinkston|0.003
Nation|0.003
Malley|0.003
Logue|0.003
Lessard|0.003
Lerner|0.003
Lebron|0.003
Krauss|0.003
Klinger|0.003
Halstead|0.003
Haller|0.003
Getz|0.003
Burrow|0.003
Brant|0.003
Alger|0.003
Victor|0.003
Shores|0.003
Scully|0.003
Pounds|0.003
Pfeifer|0.003
Perron|0.003
Nelms|0.003
Munn|0.003
McMaster|0.003
McKenney|0.003
Manns|0.003
Knudson|0.003
Hutchens|0.003
Huskey|0.003
Goebel|0.003
Flagg|0.003
Cushman|0.003
Click|0.003
Castellano|0.003
Carder|0.003
Bumgarner|0.003
Blaine|0.003
Bible|0.003
Wampler|0.003
Spinks|0.003
Robson|0.003
Neel|0.003
McReynolds|0.003
Mathias|0.003
Maas|0.003
Loera|0.003
Kasper|0.003
Jose|0.003
Jenson|0.003
Florez|0.003
Coons|0.003
Buckingham|0.003
Brogan|0.003
Berryman|0.003
Wilmoth|0.003
Wilhite|0.003
Thrash|0.003
Shephard|0.003
Seidel|0.003
Schulze|0.003
Roldan|0.003
Pettis|0.003
O'Bryan|0.003
Maki|0.003
Mackie|0.003
Hatley|0.003
Frazer|0.003
Fiore|0.003
Falls|0.003
Chesser|0.003
Bui|0.003
Bottoms|0.003
Bisson|0.003
Benefield|0.003
Allman|0.003
Wilke|0.003
Trudeau|0.003
Timm|0.003
Shifflett|0.003
Rau|0.003
Mundy|0.003
Milliken|0.003
Mayers|0.003
Leake|0.003
Kohn|0.003
Huntington|0.003
Horsley|0.003
Hermann|0.003
Guerin|0.003
Fryer|0.003
Frizzell|0.003
Foret|0.003
Flemming|0.003
Fife|0.003
Criswell|0.003
Carbajal|0.003
Bozeman|0.003
Boisvert|0.003
Archie|0.003
Antonio|0.003
Angulo|0.003
Wallen|0.003
Tapp|0.003
Silvers|0.003
Ramsay|0.003
O'Shea|0.003
Orta|0.003
Moll|0.003
McKeever|0.003
McGehee|0.003
Luciano|0.003
Linville|0.003
Kiefer|0.003
Ketchum|0.003
Howerton|0.003
Groce|0.003
Gaylord|0.003
Gass|0.003
Fusco|0.003
Corbitt|0.003
Blythe|0.003
Betz|0.003
Bartels|0.003
Amaral|0.003
Aiello|0.003
Yoo|0.003
Weddle|0.003
Troy|0.003
Sun|0.003
Sperry|0.003
Seiler|0.003
Runyan|0.003
Raley|0.003
Overby|0.003
Osteen|0.003
Olds|0.003
McKeown|0.003
Mauro|0.003
Matney|0.003
Lauer|0.003
Lattimore|0.003
Hindman|0.003
Hartwell|0.003
Fredrickson|0.003
Fredericks|0.003
Espino|0.003
Clegg|0.003
Carswell|0.003
Cambell|0.003
Burkholder|0.003
August|0.003
Woodbury|0.003
Welker|0.003
Totten|0.003
Thornburg|0.003
Theriault|0.003
Stitt|0.003
Stamm|0.003
Stackhouse|0.003
Simone|0.003
Scholl|0.003
Saxon|0.003
Rife|0.003
Razo|0.003
Quinlan|0.003
Pinkerton|0.003
Olivo|0.003
Nesmith|0.003
Nall|0.003
Mattos|0.003
Leak|0.003
Lafferty|0.003
Justus|0.003
Giron|0.003
Geer|0.003
Fielder|0.003
Eagle|0.003
Drayton|0.003
Dortch|0.003
Conners|0.003
Conger|0.003
Chau|0.003
Boatwright|0.003
Billiot|0.003
Barden|0.003
Armenta|0.003
Antoine|0.003
Tibbetts|0.003
Steadman|0.003
Slattery|0.003
Sides|0.003
Rinaldi|0.003
Raynor|0.003
Rayford|0.003
Pinckney|0.003
Pettigrew|0.003
Nickel|0.003
Milne|0.003
Matteson|0.003
Halsey|0.003
Gonsalves|0.003
Fellows|0.003
Durand|0.003
Desimone|0.003
Cowley|0.003
Cowles|0.003
Brill|0.003
Barham|0.003
Barela|0.003
Barba|0.003
Ashmore|0.003
Withrow|0.003
Valenti|0.003
Tejeda|0.003
Spriggs|0.003
Sayre|0.003
Salerno|0.003
Place|0.003
Peltier|0.003
Peel|0.003
Merriman|0.003
Matheson|0.003
Lowman|0.003
Lindstrom|0.003
Hyland|0.003
Homer|0.003
Ha|0.003
Giroux|0.003
Fries|0.003
Frasier|0.003
Earls|0.003
Dugas|0.003
Damon|0.003
Dabney|0.003
Collado|0.003
Briseno|0.003
Baxley|0.003
Andre|0.003
Word|0.003
Whyte|0.003
Wenger|0.003
Vanover|0.003
Vanburen|0.003
Thiel|0.003
Schindler|0.003
Schiller|0.003
Rigby|0.003
Pomeroy|0.003
Passmore|0.003
Marble|0.003
Manzo|0.003
Mahaffey|0.003
Lindgren|0.003
Laflamme|0.003
Greathouse|0.003
Fite|0.003
Ferrari|0.003
Calabrese|0.003
Bayne|0.003
Yamamoto|0.003
Wick|0.003
Townes|0.003
Thames|0.003
Steel|0.003
Reinhart|0.003
Peeler|0.003
Naranjo|0.003
Montez|0.003
McDade|0.003
Mast|0.003
Markley|0.003
Marchand|0.003
Leeper|0.003
Kong|0.003
Kellum|0.003
Hudgens|0.003
Hennessey|0.003
Hadden|0.003
Guess|0.003
Gainey|0.003
Coppola|0.003
Borrego|0.003
Bolling|0.003
Beane|0.003
Ault|0.003
Slaton|0.003
Poland|0.003
Pape|0.003
Null|0.003
Mulkey|0.003
Lightner|0.003
Langer|0.003
Hillard|0.003
Glasgow|0.003
Fabian|0.003
Ethridge|0.003
Enright|0.003
Derosa|0.003
Baskin|0.003
Alfred|0.003
Weinberg|0.003
Turman|0.003
Tinker|0.003
Somerville|0.003
Pardo|0.003
Noll|0.003
Lashley|0.003
Ingraham|0.003
Hiller|0.003
Hendon|0.003
Glaze|0.003
Flora|0.003
Cothran|0.003
Cooksey|0.003
Conte|0.003
Carrico|0.003
Apple|0.003
Abner|0.003
Wooley|0.003
Swope|0.003
Summerlin|0.003
Sturgis|0.003
Sturdivant|0.003
Stott|0.003
Spurgeon|0.003
Spillman|0.003
Speight|0.003
Roussel|0.003
Popp|0.003
Nutter|0.003
McKeon|0.003
Mazza|0.003
Magnuson|0.003
Lanning|0.003
Kozak|0.003
Jankowski|0.003
Heyward|0.003
Forster|0.003
Corwin|0.003
Callaghan|0.003
Bays|0.003
Wortham|0.003
Usher|0.003
Theriot|0.003
Sayers|0.003
Sabo|0.003
Rupert|0.003
Poling|0.003
Nathan|0.003
Loya|0.003
Lieberman|0.003
Levi|0.003
Laroche|0.003
Labelle|0.003
Howes|0.003
Harr|0.003
Garay|0.003
Fogarty|0.003
Everson|0.003
Durkin|0.003
Dominquez|0.003
Chaves|0.003
Chambliss|0.003
Alfonso|0.003
Witcher|0.003
Wilber|0.003
Vieira|0.003
Vandiver|0.003
Terrill|0.003
Stoker|0.003
Schreiner|0.003
Nestor|0.003
Moorman|0.003
Liddell|0.003
Lew|0.003
Lawhorn|0.003
Krug|0.003
Irons|0.003
Hylton|0.003
Hollenbeck|0.003
Herrin|0.003
Hembree|0.003
Hair|0.003
Goolsby|0.003
Goodin|0.003
Gilmer|0.003
Foltz|0.003
Dinkins|0.003
Daughtry|0.003
Caban|0.003
Brim|0.003
Briley|0.003
Bilodeau|0.003
Bear|0.003
Wyant|0.003
Vergara|0.003
Tallent|0.003
Swearingen|0.003
Stroup|0.003
Sherry|0.003
Scribner|0.003
Roger|0.003
Quillen|0.003
Pitman|0.003
Monaco|0.003
McCants|0.003
Maxfield|0.003
Martinson|0.003
Landon|0.003
Holtz|0.003
Flournoy|0.003
Brookins|0.003
Brody|0.003
Baumgardner|0.003
Angelo|0.003
Straub|0.003
Sills|0.003
Roybal|0.003
Roundtree|0.003
Oswalt|0.003
Money|0.003
McGriff|0.003
McDougall|0.003
McCleary|0.003
Maggard|0.003
Gragg|0.003
Gooding|0.003
Godinez|0.003
Doolittle|0.003
Donato|0.003
Cowell|0.003
Cassell|0.003
Bracken|0.003
Appel|0.003
Ahmad|0.003
Zambrano|0.003
Reuter|0.003
Perea|0.003
Olive|0.003
Nakamura|0.003
Monaghan|0.003
Mickens|0.003
McClinton|0.003
McClary|0.003
Marler|0.003
Kish|0.003
Judkins|0.003
Gilbreath|0.003
Freese|0.003
Flanigan|0.003
Felts|0.003
Erdmann|0.003
Dodds|0.003
Chew|0.003
Brownell|0.003
Brazil|0.003
Boatright|0.003
Barreto|0.003
Slayton|0.003
Sandberg|0.003
Saldivar|0.003
Pettway|0.003
Odum|0.003
Narvaez|0.003
Moultrie|0.003
Montemayor|0.003
Merrell|0.003
Lees|0.003
Keyser|0.003
Hoke|0.003
Hardaway|0.003
Hannan|0.003
Gilbertson|0.003
Fogg|0.003
Dumont|0.003
Deberry|0.003
Coggins|0.003
Carrera|0.003
Buxton|0.003
Bucher|0.003
Broadnax|0.003
Beeson|0.003
Araujo|0.003
Appleton|0.003
Amundson|0.003
Aguayo|0.003
Ackley|0.003
Yocum|0.003
Worsham|0.003
Shivers|0.003
Shelly|0.003
Sanches|0.003
Sacco|0.003
Robey|0.003
Rhoden|0.003
Pender|0.003
Ochs|0.003
McCurry|0.003
Madera|0.003
Luong|0.003
Luis|0.003
Knotts|0.003
Jackman|0.003
Heinrich|0.003
Hargrave|0.003
Gault|0.003
Forest|0.003
Comeaux|0.003
Chitwood|0.003
Child|0.003
Caraway|0.003
Boettcher|0.003
Bernhardt|0.003
Barrientos|0.003
Zink|0.003
Wickham|0.003
Whiteman|0.003
Thorp|0.003
Stillman|0.003
Settles|0.003
Schoonover|0.003
Roque|0.003
Riddell|0.003
Rey|0.003
Pilcher|0.003
Phifer|0.003
Novotny|0.003
Maple|0.003
MacLeod|0.003
Hardee|0.003
Haase|0.003
Grider|0.003
Fredrick|0.003
Earnest|0.003
Doucette|0.003
Clausen|0.003
Christmas|0.003
Bevins|0.003
Beamon|0.003
Badillo|0.003
